38,2023-02-07,900358833,Coordiutil S.A.S,CE4508212,108410.00,262.96,108672.96,2023-02-07 Coordiutil SAS.xml,2026-01-10 12:22:28.712329
39,2024-05-24,890904478,COOPERATIVA COLANTA,145E19396,27733.00,2219.00,29952.00,2024-05-24 COOPERATIVA COLANTA.xml,2026-01-10 12:22:38.404732
40,2024-06-17,811034480,CALORCOL S.A.S.,MDE15653,1729244.65,14285.06,1743529.71,2024-06-17 CALORCOL SAS.xml,2026-01-10 12:22:38.419311
41,2024-06-18,900319753,PRICESMART COLOMBIA S.A.S.,FESD12819234,1398291.00,165017.00,1563308.00,2024-06-18 PRICESMART COLOMBIA SAS.xml,2026-01-10 12:22:38.462357
42,2024-06-20,900599105,CAPIRO VIVERO S.A.S,FE12275,35000.00,0.00,35000.00,2024-06-20 CAPIRO VIVERO SAS.xml,2026-01-10 12:22:38.476492
43,2024-06-21,900599105,CAPIRO VIVERO S.A.S,FE12332,136806.72,3193.28,140000.00,2024-06-21 CAPIRO VIVERO SAS.xml,2026-01-10 12:22:38.4901
44,2024-06-27,900146936,IMPACTO SOLAR S.A.S,FE37534,3878470.80,736909.45,4615380.25,2024-06-27 IMPACTO SOLAR SAS.xml,2026-01-10 12:22:38.5032
45,2024-06-30,901030826,BOHEMIAN FLOWERS S.A.S,BHCF25890,150000.00,0.00,150000.00,2024-06-30 BOHEMIAN FLOWERS SAS.xml,2026-01-10 12:22:38.51674
46,2024-07-01,890904478,COOPERATIVA COLANTA,145E25354,68889.00,5511.00,74400.00,2024-07-01 COOPERATIVA COLANTA.xml,2026-01-10 12:22:38.531544
47,2024-07-03,900943704,VELOENVIOS S.A.S,ECEN11303,33200.00,0.00,33200.00,2024-07-03 VELOENVIOS SAS.xml,2026-01-10 12:22:38.54441
48,2024-07-04,900219834,F2X S.A.S.,FLYP5399463,60400.00,0.00,60400.00,2024-07-04 F2X SAS.xml,2026-01-10 12:22:38.558478
49,2024-07-04,900305553,ZEOCOL S.A..S.,FEV1406,67143.00,12757.00,79900.00,2024-07-04 ZEOCOL SAS.xml,2026-01-10 12:22:38.573245
50,2024-07-09,890904478,COOPERATIVA COLANTA,145E26701,76342.00,8558.00,84900.00,2024-07-09 COOPERATIVA COLANTA.xml,2026-01-10 12:22:38.588236
51,2024-07-09,901321683,SOF COCINAS VIRTUALES SAS,FEMC97111,203544.00,0.00,203544.00,2024-07-09 SOF COCINAS VIRTUALES SAS.xml,2026-01-10 12:22:38.601955
52,2024-07-10,900599105,CAPIRO VIVERO S.A.S,FE12925,21500.00,0.00,21500.00,2024-07-10 CAPIRO VIVERO SAS.xml,2026-01-10 12:22:38.615673
53,2024-07-18,900599105,CAPIRO VIVERO S.A.S,FE13152,58500.00,0.00,58500.00,2024-07-18 CAPIRO VIVERO SAS.xml,2026-01-10 12:22:38.630098
54,2024-07-23,901439456,MATERIALES MAESTRO COLOMBIA SAS,FE7797,630000.00,0.00,630000.00,2024-07-23 MATERIALES MAESTRO COLOMBIA SAS.xml,2026-01-10 12:22:38.643629
55,2024-07-23,900319753,PRICESMART COLOMBIA S.A.S.,FESD13509842,1194073.00,163232.00,1357305.00,2024-07-23 PRICESMART COLOMBIA SAS.xml,2026-01-10 12:22:38.661992
56,2024-07-24,901439456,MATERIALES MAESTRO COLOMBIA SAS,FE7845,109203.38,12996.64,122200.02,2024-07-24 MATERIALES MAESTRO COLOMBIA SAS.xml,2026-01-10 12:22:38.676015
57,2024-07-25,901271577,FADUQUIN S.A.S.,FDQN15815,377168.26,64206.74,441375.00,2024-07-25 FADUQUIN SAS.xml,2026-01-10 12:22:38.693522
58,2024-07-25,900036188,PLANTAS DEL TAMBO S.A.S.,FE29276,1425900.00,0.00,1425900.00,2024-07-25 PLANTAS DEL TAMBO SAS.xml,2026-01-10 12:22:38.707522
59,2024-07-26,901439456,MATERIALES MAESTRO COLOMBIA SAS,FE7889,90937.98,14656.22,105594.20,2024-07-26 MATERIALES MAESTRO COLOMBIA SAS.xml,2026-01-10 12:22:38.721115
60,2024-07-27,901242099,AGROBOLIVAR FLOWERS S.A.S.,AF84673,52400.00,0.00,52400.00,2024-07-27 AGROBOLIVAR FLOWERS SAS.xml,2026-01-10 12:22:38.734248
61,2024-07-27,901439456,MATERIALES MAESTRO COLOMBIA SAS,FE7908,85489.07,4310.92,89799.99,2024-07-27 MATERIALES MAESTRO COLOMBIA SAS.xml,2026-01-10 12:22:38.748423
62,2024-07-31,900599105,CAPIRO VIVERO S.A.S,FE13566,29500.00,0.00,29500.00,2024-07-31 CAPIRO VIVERO SAS.xml,2026-01-10 12:22:38.762165
63,2024-07-31,890904478,COOPERATIVA COLANTA,145E30006,65956.00,12531.00,78487.00,2024-07-31 COOPERATIVA COLANTA.xml,2026-01-10 12:22:38.776841
64,2024-07-31,901439456,MATERIALES MAESTRO COLOMBIA SAS,FE7974,55966.38,10633.61,66599.99,2024-07-31 MATERIALES MAESTRO COLOMBIA SAS.xml,2026-01-10 12:22:38.790095
65,2024-08-01,900036188,PLANTAS DEL TAMBO S.A.S.,FE29405,114000.00,0.00,114000.00,2024-08-01 PLANTAS DEL TAMBO SAS.xml,2026-01-10 12:22:38.803499
66,2024-08-06,900219834,F2X S.A.S.,FLYP5608324,74460.50,239.50,74700.00,2024-08-06 F2X SAS.xml,2026-01-10 12:22:38.817166
67,2024-08-06,901739073,INVERSIONES RAMEJ S.A.S,EPOS25419,71800.00,0.00,71800.00,2024-08-06 INVERSIONES RAMEJ SAS.xml,2026-01-10 12:22:38.830938
68,2024-08-14,901439456,MATERIALES MAESTRO COLOMBIA SAS,FE8228,34789.92,6610.08,41400.00,2024-08-14 MATERIALES MAESTRO COLOMBIA SAS.xml,2026-01-10 12:22:38.843484
69,2024-08-16,890904478,COOPERATIVA COLANTA,145E32281,84444.00,6756.00,91200.00,2024-08-16 COOPERATIVA COLANTA.xml,2026-01-10 12:22:38.85723
70,2024-08-20,900833672,AGROFACIL SAS,FE34668,715991.58,136038.42,852030.00,2024-08-20 AGROFACIL SAS.xml,2026-01-10 12:22:38.872487
71,2024-08-20,800242106,SODIMAC COLOMBIA S.A.,4413100269264,125294.12,23805.88,149100.00,2024-08-20 SODIMAC COLOMBIA SA.xml,2026-01-10 12:22:38.885541
72,2024-08-24,890904478,COOPERATIVA COLANTA,145E33490,71111.00,5689.00,76800.00,2024-08-24 COOPERATIVA COLANTA.xml,2026-01-10 12:22:38.899121
73,2024-08-27,890980097,SOCIEDAD COLOMBIANA DE ORQUIDE,FE5700,66294.74,6706.00,73000.74,2024-08-27 SOCIEDAD COLOMBIANA DE ORQUIDE.xml,2026-01-10 12:22:38.915046
74,2024-08-28,901439456,MATERIALES MAESTRO COLOMBIA SAS,FE8479,152087.40,11112.61,163200.01,2024-08-28 MATERIALES MAESTRO COLOMBIA SAS.xml,2026-01-10 12:22:38.928811
75,2024-09-05,900599105,CAPIRO VIVERO S.A.S,FE14823,140800.00,0.00,133000.00,2024-09-05 CAPIRO VIVERO SAS.xml,2026-01-10 12:22:38.942271
76,2024-09-05,901439456,MATERIALES MAESTRO COLOMBIA SAS,FE8619,7731.07,1468.90,9199.97,2024-09-05 MATERIALES MAESTRO COLOMBIA SAS.xml,2026-01-10 12:22:38.955548
77,2024-09-06,900219834,F2X S.A.S.,FLYP5814994,73260.50,239.50,73500.00,2024-09-06 F2X SAS.xml,2026-01-10 12:22:38.968443
78,2024-09-10,901739073,INVERSIONES RAMEJ S.A.S,EPOS37021,150400.00,0.00,150400.00,2024-09-10 INVERSIONES RAMEJ SAS.xml,2026-01-10 12:22:38.982929
79,2024-09-11,901439456,MATERIALES MAESTRO COLOMBIA SAS,FE8716,46800.00,0.00,46800.00,2024-09-11 MATERIALES MAESTRO COLOMBIA SAS.xml,2026-01-10 12:22:38.9999
80,2024-09-19,900599105,CAPIRO VIVERO S.A.S,FE15316,32000.00,0.00,32000.00,2024-09-19 CAPIRO VIVERO SAS.xml,2026-01-10 12:22:39.017826
81,2024-09-19,901439456,MATERIALES MAESTRO COLOMBIA SAS,FE8861,17273.12,526.89,17800.01,2024-09-19 MATERIALES MAESTRO COLOMBIA SAS.xml,2026-01-10 12:22:39.034171
82,2024-09-24,900319753,PRICESMART COLOMBIA S.A.S.,FESD14766340,770272.00,99263.00,869535.00,2024-09-24 PRICESMART COLOMBIA SAS.xml,2026-01-10 12:22:39.058778
83,2024-09-25,900599105,CAPIRO VIVERO S.A.S,FE15532,37000.00,0.00,37000.00,2024-09-25 CAPIRO VIVERO SAS.xml,2026-01-10 12:22:39.075187
84,2024-10-01,900219834,F2X S.A.S.,DEFL53671,12200.00,0.00,12200.00,2024-10-01 F2X SAS.xml,2026-01-10 12:22:39.089865
85,2024-10-01,900319753,PRICESMART COLOMBIA S.A.S.,FESD14906712,191174.00,21427.00,212601.00,2024-10-01 PRICESMART COLOMBIA SAS.xml,2026-01-10 12:22:39.10322
86,2024-10-02,900219834,F2X S.A.S.,FLYP6026004,60400.00,0.00,60400.00,2024-10-02 F2X SAS.xml,2026-01-10 12:22:39.116342
87,2024-10-08,900219834,F2X S.A.S.,DEFL977967,12200.00,0.00,12200.00,2024-10-08 F2X SAS.xml,2026-01-10 12:22:39.129006
88,2024-10-10,901439456,MATERIALES MAESTRO COLOMBIA SAS,FE9275,5882.30,1117.64,6999.94,2024-10-10 MATERIALES MAESTRO COLOMBIA SAS.xml,2026-01-10 12:22:39.142524
89,2024-10-18,900219834,F2X S.A.S.,DEFL2502460,23800.00,0.00,23800.00,2024-10-18 F2X SAS.xml,2026-01-10 12:22:39.156462
90,2024-10-23,900219834,F2X S.A.S.,DEFL3059064,12200.00,0.00,12200.00,2024-10-23 F2X SAS.xml,2026-01-10 12:22:39.169759
91,2024-10-23,900319753,PRICESMART COLOMBIA S.A.S.,FECO314977,1303487.00,132804.00,1470888.00,2024-10-23 PRICESMART COLOMBIA SAS.xml,2026-01-10 12:22:39.190065
92,2024-10-25,900491405,Vivero el buen sembrador,FELC5121,1863305.00,2394.95,1865699.95,2024-10-25 Vivero el buen sembrador.xml,2026-01-10 12:22:39.203643
93,2024-10-26,900219834,F2X S.A.S.,DEFL3508129,12200.00,0.00,12200.00,2024-10-26 F2X SAS.xml,2026-01-10 12:22:39.217491
94,2024-10-30,900599105,CAPIRO VIVERO S.A.S,FE16661,29500.00,0.00,29500.00,2024-10-30 CAPIRO VIVERO SAS.xml,2026-01-10 12:22:39.231088
95,2024-10-31,901439456,MATERIALES MAESTRO COLOMBIA SAS,FE9753,4700.00,0.00,4700.00,2024-10-31 MATERIALES MAESTRO COLOMBIA SAS.xml,2026-01-10 12:22:39.245705
96,2024-11-05,900219834,F2X S.A.S.,DEFL4805151,12200.00,0.00,12200.00,2024-11-05 F2X SAS.xml,2026-01-10 12:22:39.259091
97,2024-11-06,900219834,F2X S.A.S.,FLYP6302613,3025.20,574.80,3600.00,2024-11-06 F2X SAS.xml,2026-01-10 12:22:39.272268
98,2024-11-08,900036188,PLANTAS DEL TAMBO S.A.S.,FE31130,755730.00,0.00,755730.00,2024-11-08 PLANTAS DEL TAMBO SAS.xml,2026-01-10 12:22:39.28814
99,2024-11-14,890904478,COOPERATIVA COLANTA,145E45129,35556.00,2844.00,38400.00,2024-11-14 COOPERATIVA COLANTA.xml,2026-01-10 12:22:39.301235
100,2024-11-14,900360542,Plataforma  Digital S.A.S.,C25165,1180104.20,224219.80,1404324.00,2024-11-14 Plataforma  Digital SAS.xml,2026-01-10 12:22:39.31493
101,2024-11-19,900219834,F2X S.A.S.,DEFL6831380,12200.00,0.00,12200.00,2024-11-19 F2X SAS.xml,2026-01-10 12:22:39.328945
102,2024-11-19,900319753,PRICESMART COLOMBIA S.A.S.,FECO882482,653410.00,72088.00,725498.00,2024-11-19 PRICESMART COLOMBIA SAS.xml,2026-01-10 12:22:39.349823
103,2024-11-20,900491405,Vivero el buen sembrador,FELC5177,41500.00,0.00,41500.00,2024-11-20 Vivero el buen sembrador.xml,2026-01-10 12:22:39.363707
104,2024-11-23,890902875,TRANSPORTES RAPIDO OCHOA SA,P9581117,121000.00,0.00,121000.00,2024-11-23 TRANSPORTES RAPIDO OCHOA SA.xml,2026-01-10 12:22:39.37758
105,2024-11-27,890904478,COOPERATIVA COLANTA,145E46746,106667.00,8533.00,115200.00,2024-11-27 COOPERATIVA COLANTA.xml,2026-01-10 12:22:39.392055
106,2024-11-28,900219834,F2X S.A.S.,DEFL8219986,12200.00,0.00,12200.00,2024-11-28 F2X SAS.xml,2026-01-10 12:22:39.405506
107,2024-11-30,890904478,COOPERATIVA COLANTA,145P641,65955.00,12532.00,78487.00,2024-11-30 COOPERATIVA COLANTA.xml,2026-01-10 12:22:39.419457
108,2024-12-03,900219834,F2X S.A.S.,DEFL8969314,12200.00,0.00,12200.00,2024-12-03 F2X SAS.xml,2026-01-10 12:22:39.433627
109,2024-12-03,900319753,PRICESMART COLOMBIA S.A.S.,FECO1190254,848513.00,122714.00,982401.00,2024-12-03 PRICESMART COLOMBIA SAS.xml,2026-01-10 12:22:39.448922
110,2024-12-05,901439456,MATERIALES MAESTRO COLOMBIA SAS,FE10579,5882.30,1117.64,6999.94,2024-12-05 MATERIALES MAESTRO COLOMBIA SAS.xml,2026-01-10 12:22:39.462053
111,2024-12-07,900219834,F2X S.A.S.,FLYP6492289,1764.70,335.30,2100.00,2024-12-07 F2X SAS.xml,2026-01-10 12:22:39.475742
112,2024-12-09,890904478,COOPERATIVA COLANTA,145E48181,75192.00,1197.00,81900.00,2024-12-09 COOPERATIVA COLANTA.xml,2026-01-10 12:22:39.489292
113,2024-12-10,900219834,F2X S.A.S.,DEFL10103232,12200.00,0.00,12200.00,2024-12-10 F2X SAS.xml,2026-01-10 12:22:39.502767
114,2024-12-11,901439456,MATERIALES MAESTRO COLOMBIA SAS,FE10731,44369.76,8430.25,52800.01,2024-12-11 MATERIALES MAESTRO COLOMBIA SAS.xml,2026-01-10 12:22:39.51607
115,2024-12-18,900219834,F2X S.A.S.,DEFL11434483,12200.00,0.00,12200.00,2024-12-18 F2X SAS.xml,2026-01-10 12:22:39.529421
116,2024-12-18,900378955,FIJACIONES OROZCO S.A.S.,ECRE51479,21000.00,3990.00,24990.00,2024-12-18 FIJACIONES OROZCO SAS.xml,2026-01-10 12:22:39.543275
117,2024-12-18,900319753,PRICESMART COLOMBIA S.A.S.,FECO1563430,738961.00,87740.00,826701.00,2024-12-18 PRICESMART COLOMBIA SAS.xml,2026-01-10 12:22:39.560181
118,2024-12-18,901321683,VELOCITY FULLCOMMERCE S.A.S,FEMC142642,244860.00,0.00,244860.00,2024-12-18 VELOCITY FULLCOMMERCE SAS.xml,2026-01-10 12:22:39.574389
119,2024-12-24,900219834,F2X S.A.S.,DEFL12492560,23800.00,0.00,23800.00,2024-12-24 F2X SAS.xml,2026-01-10 12:22:39.588884
120,2024-12-25,901331844,IKSO SAS,F591165661,342672.28,65107.72,407780.00,2024-12-25 IKSO SAS.xml,2026-01-10 12:22:39.603193
121,2024-12-26,901439456,MATERIALES MAESTRO COLOMBIA SAS,FE11044,8406.22,1597.18,10003.40,2024-12-26 MATERIALES MAESTRO COLOMBIA SAS.xml,2026-01-10 12:22:39.616532
122,2024-12-28,900276962,D1 S A S,G5R337720,271598.72,19955.29,329300.01,2024-12-28 D1 S A S.xml,2026-01-10 12:22:39.632569
123,2024-12-30,900219834,F2X S.A.S.,DEFL13441173,12200.00,0.00,12200.00,2024-12-30 F2X SAS.xml,2026-01-10 12:22:39.646246
124,2025-01-02,901321683,VELOCITY FULLCOMMERCE S.A.S,FEMC145532,244860.00,0.00,244860.00,2025-01-02 VELOCITY FULLCOMMERCE SAS.xml,2026-01-10 12:23:00.928453
125,2025-01-04,900276962,D1 S A S,G5R339256,115155.88,10964.12,126120.00,2025-01-04 D1 S A S.xml,2026-01-10 12:23:00.945649
126,2025-01-10,900219834,F2X S.A.S.,FLYP6686778,1764.70,335.30,2100.00,2025-01-10 F2X SAS.xml,2026-01-10 12:23:00.968968
127,2025-01-13,890901352,EL COLOMBIANO S.A.S.,5214144297,415900.00,0.00,415900.00,2025-01-13 EL COLOMBIANO SAS.xml,2026-01-10 12:23:00.986806
128,2025-01-14,890904478,COOPERATIVA COLANTA,145E53631,42731.00,8119.00,50850.00,2025-01-14 COOPERATIVA COLANTA.xml,2026-01-10 12:23:01.000959
129,2025-01-14,900219834,F2X S.A.S.,DEFL15651369,12900.00,0.00,12900.00,2025-01-14 F2X SAS.xml,2026-01-10 12:23:01.014964
130,2025-01-14,900319753,PRICESMART COLOMBIA S.A.S.,FECO2163073,1605555.00,138990.00,1744545.00,2025-01-14 PRICESMART COLOMBIA SAS.xml,2026-01-10 12:23:01.035884
131,2025-01-21,900219834,F2X S.A.S.,DEFL16789286,12900.00,0.00,12900.00,2025-01-21 F2X SAS.xml,2026-01-10 12:23:01.049813
132,2025-01-21,900319753,PRICESMART COLOMBIA S.A.S.,FECO2307873,483554.00,38136.00,521691.00,2025-01-21 PRICESMART COLOMBIA SAS.xml,2026-01-10 12:23:01.069036
133,2025-01-23,900599105,CAPIRO VIVERO S.A.S,FE19390,256764.69,40235.29,296999.98,2025-01-23 CAPIRO VIVERO SAS.xml,2026-01-10 12:23:01.0837
134,2025-01-29,900219834,F2X S.A.S.,DEFL18004531,25000.00,0.00,25000.00,2025-01-29 F2X SAS.xml,2026-01-10 12:23:01.097446
135,2025-01-29,901154216,GRUPO R5 LIMITADA,FCM79545,4117.65,782.35,4900.00,2025-01-29 GRUPO R5 LIMITADA.xml,2026-01-10 12:23:01.111771
136,2025-01-29,860002180,SEGUROS COMERCIALES BOLIVAR SA,POL12457753,326300.00,0.00,326300.00,2025-01-29 SEGUROS COMERCIALES BOLIVAR SA.xml,2026-01-10 12:23:01.125197
137,2025-02-01,900276962,D1 S A S,G5R345319,99937.98,15952.04,115890.02,2025-02-01 D1 S A S.xml,2026-01-10 12:23:01.13963
138,2025-02-01,900219834,F2X S.A.S.,DEFL18532243,25000.00,0.00,25000.00,2025-02-01 F2X SAS.xml,2026-01-10 12:23:01.153078
139,2025-02-04,900219834,F2X S.A.S.,DEFL18973855,12900.00,0.00,12900.00,2025-02-04 F2X SAS.xml,2026-01-10 12:23:01.166582
140,2025-02-05,900219834,F2X S.A.S.,FLYP6893315,1260.50,239.50,1500.00,2025-02-05 F2X SAS.xml,2026-01-10 12:23:01.180649
141,2025-02-08,900276962,D1 S A S,G5R346628,77225.88,4124.12,81350.00,2025-02-08 D1 S A S.xml,2026-01-10 12:23:01.194388
142,2025-02-11,900219834,F2X S.A.S.,DEFL20103042,12900.00,0.00,12900.00,2025-02-11 F2X SAS.xml,2026-01-10 12:23:01.207587
143,2025-02-11,900319753,PRICESMART COLOMBIA S.A.S.,FECO2750479,743903.00,61590.00,816667.00,2025-02-11 PRICESMART COLOMBIA SAS.xml,2026-01-10 12:23:01.225764
144,2025-02-13,901739073,INVERSIONES RAMEJ S.A.S,EPOS94305,165700.00,0.00,165700.00,2025-02-13 INVERSIONES RAMEJ SAS.xml,2026-01-10 12:23:01.24046
145,2025-02-14,900219834,F2X S.A.S.,DEFL20626757,25000.00,0.00,25000.00,2025-02-14 F2X SAS.xml,2026-01-10 12:23:01.253767
146,2025-02-18,900276962,D1 S A S,G5R440150,265164.46,13421.54,342960.00,2025-02-18 D1 S A S.xml,2026-01-10 12:23:01.268388
147,2025-02-18,900219834,F2X S.A.S.,DEFL21191003,12900.00,0.00,12900.00,2025-02-18 F2X SAS.xml,2026-01-10 12:23:01.282278
148,2025-02-18,900378955,FIJACIONES OROZCO S.A.S.,ECRE53306,86000.00,16340.00,102340.00,2025-02-18 FIJACIONES OROZCO SAS.xml,2026-01-10 12:23:01.296452
149,2025-02-24,900219834,F2X S.A.S.,DEFL21909129,12900.00,0.00,12900.00,2025-02-24 F2X SAS.xml,2026-01-10 12:23:01.310441
150,2025-02-25,900219834,F2X S.A.S.,DEFL22266412,12900.00,0.00,12900.00,2025-02-25 F2X SAS.xml,2026-01-10 12:23:01.324134
151,2025-02-25,900319753,PRICESMART COLOMBIA S.A.S.,FECO3023751,137048.00,6852.00,143900.00,2025-02-25 PRICESMART COLOMBIA SAS.xml,2026-01-10 12:23:01.338603
152,2025-02-28,900276962,D1 S A S,G6R351474,25139.66,1740.34,26880.00,2025-02-28 D1 S A S.xml,2026-01-10 12:23:01.35325
153,2025-03-03,900219834,F2X S.A.S.,FLYP7081558,3781.50,718.50,4500.00,2025-03-03 F2X SAS.xml,2026-01-10 12:23:01.369713
154,2025-03-04,900219834,F2X S.A.S.,DEFL23375351,12900.00,0.00,12900.00,2025-03-04 F2X SAS.xml,2026-01-10 12:23:01.383925
155,2025-03-04,900319753,PRICESMART COLOMBIA S.A.S.,FECO3179313,622936.00,42324.00,665259.00,2025-03-04 PRICESMART COLOMBIA SAS.xml,2026-01-10 12:23:01.400741
156,2025-03-08,890904478,COOPERATIVA COLANTA,145E61387,74889.00,5511.00,80400.00,2025-03-08 COOPERATIVA COLANTA.xml,2026-01-10 12:23:01.41458
157,2025-03-09,900219834,F2X S.A.S.,FFLY5053382,3115.00,592.00,4000.00,2025-03-09 F2X SAS.xml,2026-01-10 12:23:01.427807
158,2025-03-11,900219834,F2X S.A.S.,DEFL24452897,12900.00,0.00,12900.00,2025-03-11 F2X SAS.xml,2026-01-10 12:23:01.441242
159,2025-03-11,900319753,PRICESMART COLOMBIA S.A.S.,FECO3325702,274394.00,13460.00,287854.00,2025-03-11 PRICESMART COLOMBIA SAS.xml,2026-01-10 12:23:01.45553
160,2025-03-12,901242099,AGROBOLIVAR FLOWERS S.A.S.,AF121633,30900.00,0.00,30900.00,2025-03-12 AGROBOLIVAR FLOWERS SAS.xml,2026-01-10 12:23:01.468933
161,2025-03-12,900599105,CAPIRO VIVERO S.A.S,FE21059,28500.00,0.00,25000.00,2025-03-12 CAPIRO VIVERO SAS.xml,2026-01-10 12:23:01.482308
162,2025-03-12,811012427,FERRETERIA LOS FIERROS,A2002N,0.00,13242.00,0.00,2025-03-12 FERRETERIA LOS FIERROS.xml,2026-01-10 12:23:01.496647
163,2025-03-17,800153993,COMUNICACION CELULAR S A  COMCEL S A,PB13439109,5000.00,0.00,5000.00,2025-03-17 COMUNICACION CELULAR S A  COMCEL S A.xml,2026-01-10 12:23:01.510034
164,2025-03-18,900219834,F2X S.A.S.,DEFL25544202,12900.00,0.00,12900.00,2025-03-18 F2X SAS.xml,2026-01-10 12:23:01.522759
165,2025-03-19,900155761,VITELCO DE COLOMBIA S.A.S,1E95194,65155.74,12379.59,77535.33,2025-03-19 VITELCO DE COLOMBIA SAS.xml,2026-01-10 12:23:01.536141
166,2025-03-25,900219834,F2X S.A.S.,DEFL26689108,12900.00,0.00,12900.00,2025-03-25 F2X SAS.xml,2026-01-10 12:23:01.549365
167,2025-03-25,900319753,PRICESMART COLOMBIA S.A.S.,FECO3612061,663665.00,53800.00,754451.00,2025-03-25 PRICESMART COLOMBIA SAS.xml,2026-01-10 12:23:01.565944
168,2025-03-26,900036188,PLANTAS DEL TAMBO S.A.S.,FE33510,1474250.00,0.00,1474250.00,2025-03-26 PLANTAS DEL TAMBO SAS.xml,2026-01-10 12:23:01.581377
169,2025-03-29,800153993,COMUNICACION CELULAR S A  COMCEL S A,PB13898580,10000.00,0.00,10000.00,2025-03-29 COMUNICACION CELULAR S A  COMCEL S A.xml,2026-01-10 12:23:01.594376
170,2025-03-29,900219834,F2X S.A.S.,DEFL27378174,12900.00,0.00,12900.00,2025-03-29 F2X SAS.xml,2026-01-10 12:23:01.608067
171,2025-04-02,900219834,F2X S.A.S.,DEFL27936264,12900.00,0.00,12900.00,2025-04-02 F2X SAS.xml,2026-01-10 12:23:01.620959
172,2025-04-02,900319753,PRICESMART COLOMBIA S.A.S.,FECO3776743,394954.00,38146.00,433101.00,2025-04-02 PRICESMART COLOMBIA SAS.xml,2026-01-10 12:23:01.635765
173,2025-04-04,900219834,F2X S.A.S.,FLYP7269056,1764.70,335.30,2100.00,2025-04-04 F2X SAS.xml,2026-01-10 12:23:01.649577
174,2025-04-08,900219834,F2X S.A.S.,DEFL28904300,12900.00,0.00,12900.00,2025-04-08 F2X SAS.xml,2026-01-10 12:23:01.662715
175,2025-04-10,890904478,COOPERATIVA COLANTA,145E66215,81296.00,6504.00,87800.00,2025-04-10 COOPERATIVA COLANTA.xml,2026-01-10 12:23:01.676628
176,2025-04-23,900017447,FALABELLA DE COLOMBIA S A,V304252768,261849.00,49751.00,311600.00,2025-04-23 FALABELLA DE COLOMBIA S A.xml,2026-01-10 12:23:01.691065
177,2025-04-23,901331844,IKSO SAS,F591229508,343605.04,65284.96,408890.00,2025-04-23 IKSO SAS.xml,2026-01-10 12:23:01.704857
178,2025-04-28,860037013,COMPAÑÍA MUNDIAL DE SEGUROS S.A.,014F13100639,1269000.00,0.00,1269000.00,2025-04-28 COMPAÑÍA MUNDIAL DE SEGUROS SA.xml,2026-01-10 12:23:01.731691
179,2025-04-29,900219834,F2X S.A.S.,DEFL32450649,12900.00,0.00,12900.00,2025-04-29 F2X SAS.xml,2026-01-10 12:23:01.747823
180,2025-04-29,900319753,PRICESMART COLOMBIA S.A.S.,FECO4323838,150381.00,7519.00,157900.00,2025-04-29 PRICESMART COLOMBIA SAS.xml,2026-01-10 12:23:01.761136
181,2025-04-30,900017447,FALABELLA DE COLOMBIA S A,BT0139108,0.00,0.00,0.00,2025-04-30 FALABELLA DE COLOMBIA S A.xml,2026-01-10 12:23:01.773117
182,2025-05-05,900219834,F2X S.A.S.,FLYP7474864,1260.50,239.50,1500.00,2025-05-05 F2X SAS.xml,2026-01-10 12:23:01.786201
183,2025-05-08,901331844,IKSO SAS,N1804285,0.00,0.00,0.00,2025-05-08 IKSO SAS.xml,2026-01-10 12:23:01.799395
184,2025-05-11,900219834,F2X S.A.S.,DEFL34394272,12900.00,0.00,12900.00,2025-05-11 F2X SAS.xml,2026-01-10 12:23:01.812643
185,2025-05-12,890980097,SOCIEDAD COLOMBIANA DE ORQUIDE,FE6438,139588.67,13411.84,153000.51,2025-05-12 SOCIEDAD COLOMBIANA DE ORQUIDE.xml,2026-01-10 12:23:01.825954
186,2025-05-13,900219834,F2X S.A.S.,DEFL34732840,25000.00,0.00,25000.00,2025-05-13 F2X SAS.xml,2026-01-10 12:23:01.839101
187,2025-05-13,900319753,PRICESMART COLOMBIA S.A.S.,FECO4628137,294982.00,36918.00,331900.00,2025-05-13 PRICESMART COLOMBIA SAS.xml,2026-01-10 12:23:01.853481
188,2025-05-21,900219834,F2X S.A.S.,DEFL36005979,12900.00,0.00,12900.00,2025-05-21 F2X SAS.xml,2026-01-10 12:23:01.867662
189,2025-05-21,900319753,PRICESMART COLOMBIA S.A.S.,FECO4791916,150381.00,7519.00,157900.00,2025-05-21 PRICESMART COLOMBIA SAS.xml,2026-01-10 12:23:01.881366
190,2025-05-27,900219834,F2X S.A.S.,DEFL37000945,12900.00,0.00,12900.00,2025-05-27 F2X SAS.xml,2026-01-10 12:23:01.894536
191,2025-05-27,900319753,PRICESMART COLOMBIA S.A.S.,FECO4917122,570853.00,89447.00,660301.00,2025-05-27 PRICESMART COLOMBIA SAS.xml,2026-01-10 12:23:01.909301
192,2025-06-04,900276962,D1 S A S,G1Q661200,81503.02,5236.98,86740.00,2025-06-04 D1 S A S.xml,2026-01-10 12:23:01.922113
193,2025-06-04,900219834,F2X S.A.S.,DEFL38296780,12900.00,0.00,12900.00,2025-06-04 F2X SAS.xml,2026-01-10 12:23:01.935192
194,2025-06-04,901331844,IKSO SAS,F50218005,227621.86,43248.14,270870.00,2025-06-04 IKSO SAS.xml,2026-01-10 12:23:01.949381
195,2025-06-04,900319753,PRICESMART COLOMBIA S.A.S.,FECO5095249,216124.00,34475.00,250599.00,2025-06-04 PRICESMART COLOMBIA SAS.xml,2026-01-10 12:23:01.964134
196,2025-06-05,901244293,AGROFERTIL COLOMBIA S.A.S.,FE81743,104800.00,5795.00,110595.00,2025-06-05 AGROFERTIL COLOMBIA SAS.xml,2026-01-10 12:23:01.97764
197,2025-06-07,901321683,VELOCITY FULLCOMMERCE S.A.S,FEMC177444,244860.00,0.00,244860.00,2025-06-07 VELOCITY FULLCOMMERCE SAS.xml,2026-01-10 12:23:01.990743
198,2025-06-11,900276962,D1 S A S,G6R9130997,88609.49,10400.52,99010.01,2025-06-11 D1 S A S.xml,2026-01-10 12:23:02.00399
199,2025-06-11,900219834,F2X S.A.S.,DEFL39456801,12900.00,0.00,12900.00,2025-06-11 F2X SAS.xml,2026-01-10 12:23:02.017419
200,2025-06-11,811012427,FERRETERIA LOS FIERROS,A3004BR,0.00,14978.00,0.00,2025-06-11 FERRETERIA LOS FIERROS.xml,2026-01-10 12:23:02.031996
201,2025-06-14,900276962,D1 S A S,G5R368652,17680.67,3359.33,21040.00,2025-06-14 D1 S A S.xml,2026-01-10 12:23:02.045071
202,2025-06-17,890937010,CASA FERRETERA S.A.S,EMJ30862,7952.00,398.00,8350.00,2025-06-17 CASA FERRETERA SAS.xml,2026-01-10 12:23:02.057741
203,2025-06-17,900338277,CDA LOS CRISTALES S.A.S.,FE27222,269325.00,40475.13,309800.13,2025-06-17 CDA LOS CRISTALES SAS.xml,2026-01-10 12:23:02.070869
204,2025-06-17,900219834,F2X S.A.S.,DEFL40454385,12900.00,0.00,12900.00,2025-06-17 F2X SAS.xml,2026-01-10 12:23:02.084073
205,2025-06-17,900319753,PRICESMART COLOMBIA S.A.S.,FECO5367243,150381.00,7519.00,157900.00,2025-06-17 PRICESMART COLOMBIA SAS.xml,2026-01-10 12:23:02.096951
206,2025-06-20,900036188,PLANTAS DEL TAMBO S.A.S.,FE35094,391320.00,0.00,391320.00,2025-06-20 PLANTAS DEL TAMBO SAS.xml,2026-01-10 12:23:02.11053
207,2025-06-24,900276962,D1 S A S,G5R457114,283422.27,20933.72,368729.99,2025-06-24 D1 S A S.xml,2026-01-10 12:23:02.124455
208,2025-06-24,900219834,F2X S.A.S.,DEFL41714503,12900.00,0.00,12900.00,2025-06-24 F2X SAS.xml,2026-01-10 12:23:02.138851
209,2025-06-26,901439456,MATERIALES MAESTRO COLOMBIA SAS,FE14309,267907.92,22592.50,290500.42,2025-06-26 MATERIALES MAESTRO COLOMBIA SAS.xml,2026-01-10 12:23:02.153474
210,2025-07-01,900219834,F2X S.A.S.,DEFL42999657,12900.00,0.00,12900.00,2025-07-01 F2X SAS.xml,2026-01-10 12:23:02.168049
211,2025-07-01,901331844,IKSO SAS,F50826806,166336.13,31603.87,197940.00,2025-07-01 IKSO SAS.xml,2026-01-10 12:23:02.181692
212,2025-07-03,900319753,PRICESMART COLOMBIA S.A.S.,FECO5681987,642719.00,55733.00,698452.00,2025-07-03 PRICESMART COLOMBIA SAS.xml,2026-01-10 12:23:02.196793
213,2025-07-04,900219834,F2X S.A.S.,FLYP7882511,1386.55,263.45,1650.00,2025-07-04 F2X SAS.xml,2026-01-10 12:23:02.210922
214,2025-07-06,900276962,D1 S A S,G5R371636,140034.12,12215.88,152250.00,2025-07-06 D1 S A S.xml,2026-01-10 12:23:02.224227
215,2025-07-08,900219834,F2X S.A.S.,DEFL44239923,12900.00,0.00,12900.00,2025-07-08 F2X SAS.xml,2026-01-10 12:23:02.237598
216,2025-07-08,900319753,PRICESMART COLOMBIA S.A.S.,FECO5827315,271186.00,48314.00,319500.00,2025-07-08 PRICESMART COLOMBIA SAS.xml,2026-01-10 12:23:02.251393
217,2025-07-12,900276962,D1 S A S,G9P5157369,65146.89,4549.11,88830.00,2025-07-12 D1 S A S.xml,2026-01-10 12:23:02.264899
218,2025-07-12,900219834,F2X S.A.S.,DEFL44971998,12900.00,0.00,12900.00,2025-07-12 F2X SAS.xml,2026-01-10 12:23:02.277764
219,2025-07-16,901439456,MATERIALES MAESTRO COLOMBIA SAS,FE14491,19747.90,3752.10,23500.00,2025-07-16 MATERIALES MAESTRO COLOMBIA SAS.xml,2026-01-10 12:23:02.289377
220,2025-07-24,900219834,F2X S.A.S.,DEFL46956653,12900.00,0.00,12900.00,2025-07-24 F2X SAS.xml,2026-01-10 12:23:02.302422
221,2025-07-24,900319753,PRICESMART COLOMBIA S.A.S.,FECO6155002,150381.00,7519.00,157900.00,2025-07-24 PRICESMART COLOMBIA SAS.xml,2026-01-10 12:23:02.315253
222,2025-07-25,900155761,VITELCO DE COLOMBIA S.A.S,1E99224,129040.00,24517.60,153557.60,2025-07-25 VITELCO DE COLOMBIA SAS.xml,2026-01-10 12:23:02.328574
223,2025-07-28,890904478,COOPERATIVA COLANTA,145E81164,41018.00,3282.00,44300.00,2025-07-28 COOPERATIVA COLANTA.xml,2026-01-10 12:23:02.342412
224,2025-07-28,900855084,HMO SERVICIO TECNICO S.A.S,FC1057,203361.00,38638.59,241999.59,2025-07-28 HMO SERVICIO TECNICO SAS.xml,2026-01-10 12:23:02.355377
225,2025-07-30,900036188,PLANTAS DEL TAMBO S.A.S.,FE35871,730320.00,0.00,730320.00,2025-07-30 PLANTAS DEL TAMBO SAS.xml,2026-01-10 12:23:02.370279
226,2025-07-31,900276962,D1 S A S,G5R376605,53096.55,1593.44,54689.99,2025-07-31 D1 S A S.xml,2026-01-10 12:23:02.38335
227,2025-07-31,15428297,TECNIPLANTAS,POST19490,102267.00,0.00,102267.00,2025-07-31 TECNIPLANTAS.xml,2026-01-10 12:23:02.396614
228,2025-08-02,890901672,CRYSTAL S.A.S.,BX02178369,344423.53,65440.47,409864.00,2025-08-02 CRYSTAL SAS.xml,2026-01-10 12:23:02.409844
229,2025-08-02,900219834,F2X S.A.S.,FFLY6813318,3225.00,613.00,4000.00,2025-08-02 F2X SAS.xml,2026-01-10 12:23:02.423201
230,2025-08-04,900219834,F2X S.A.S.,FLYP8095994,1386.55,263.45,1650.00,2025-08-04 F2X SAS.xml,2026-01-10 12:23:02.436153
231,2025-08-06,890901672,CRYSTAL S.A.S.,HI0250879,88060.50,16731.50,104792.00,2025-08-06 CRYSTAL SAS.xml,2026-01-10 12:23:02.450357
232,2025-08-06,900219834,F2X S.A.S.,FFLY6865008,5042.02,957.98,6000.00,2025-08-06 F2X SAS.xml,2026-01-10 12:23:02.46321
233,2025-08-06,900319753,PRICESMART COLOMBIA S.A.S.,FECO6437368,451233.00,51893.00,514301.00,2025-08-06 PRICESMART COLOMBIA SAS.xml,2026-01-10 12:23:02.477529
234,2025-08-08,900276962,D1 S A S,G5R462842,23815.13,4524.87,28340.00,2025-08-08 D1 S A S.xml,2026-01-10 12:23:02.490232
235,2025-08-11,890904478,COOPERATIVA COLANTA,145E82944,81296.00,6504.00,87800.00,2025-08-11 COOPERATIVA COLANTA.xml,2026-01-10 12:23:02.503748
236,2025-08-19,890904478,COOPERATIVA COLANTA,145E84121,44722.00,3578.00,48300.00,2025-08-19 COOPERATIVA COLANTA.xml,2026-01-10 12:23:02.516986
237,2025-08-20,900943243,SURAMERICA COMERCIAL S.A.S,F3F11205254,21848.74,4151.26,26000.00,2025-08-20 SURAMERICA COMERCIAL SAS.xml,2026-01-10 12:23:02.529936
238,2025-08-22,900276962,D1 S A S,G5R380038,82357.05,7152.94,89509.99,2025-08-22 D1 S A S.xml,2026-01-10 12:23:02.542244
239,2025-08-27,900276962,D1 S A S,G5R464915,119214.92,5565.08,124780.00,2025-08-27 D1 S A S.xml,2026-01-10 12:23:02.556077
240,2025-08-27,900219834,F2X S.A.S.,DEFL53025907,25000.00,0.00,25000.00,2025-08-27 F2X SAS.xml,2026-01-10 12:23:02.569202
241,2025-08-27,901739073,INVERSIONES RAMEJ S.A.S,EPOS170084,101000.00,0.00,101000.00,2025-08-27 INVERSIONES RAMEJ SAS.xml,2026-01-10 12:23:02.582606
242,2025-08-27,900319753,PRICESMART COLOMBIA S.A.S.,FECO6890095,150381.00,7519.00,157900.00,2025-08-27 PRICESMART COLOMBIA SAS.xml,2026-01-10 12:23:02.59524
243,2025-08-29,900036188,PLANTAS DEL TAMBO S.A.S.,FE36441,332200.00,0.00,332200.00,2025-08-29 PLANTAS DEL TAMBO SAS.xml,2026-01-10 12:23:02.608787
244,2025-09-03,900599105,CAPIRO VIVERO S.A.S,FE26375,20000.00,0.00,20000.00,2025-09-03 CAPIRO VIVERO SAS.xml,2026-01-10 12:23:02.621303
245,2025-09-04,900219834,F2X S.A.S.,FLYP8304198,2563.03,486.97,3050.00,2025-09-04 F2X SAS.xml,2026-01-10 12:23:02.634371
246,2025-09-05,900219834,F2X S.A.S.,DEFL54626255,12900.00,0.00,12900.00,2025-09-05 F2X SAS.xml,2026-01-10 12:23:02.647042
247,2025-09-05,901331844,IKSO SAS,F50133050,194882.36,37027.64,231910.00,2025-09-05 IKSO SAS.xml,2026-01-10 12:23:02.660282
248,2025-09-05,900319753,PRICESMART COLOMBIA S.A.S.,FECO7090255,87195.00,7105.00,94300.00,2025-09-05 PRICESMART COLOMBIA SAS.xml,2026-01-10 12:23:02.672933
249,2025-09-07,900219834,F2X S.A.S.,DEFL54998555,12900.00,0.00,12900.00,2025-09-07 F2X SAS.xml,2026-01-10 12:23:02.686082
250,2025-09-08,900276962,D1 S A S,G5R382921,19668.40,1624.60,27400.00,2025-09-08 D1 S A S.xml,2026-01-10 12:23:02.699435
251,2025-09-10,900219834,F2X S.A.S.,DEFL55485703,12900.00,0.00,12900.00,2025-09-10 F2X SAS.xml,2026-01-10 12:23:02.712297
252,2025-09-10,900319753,PRICESMART COLOMBIA S.A.S.,FECO7196732,171085.00,14114.00,185199.00,2025-09-10 PRICESMART COLOMBIA SAS.xml,2026-01-10 12:23:02.72553
253,2025-09-16,860026182,ALLIANZ SEGUROS S A,MED684994,3551163.00,674721.00,4225884.00,2025-09-16 ALLIANZ SEGUROS S A.xml,2026-01-10 12:23:02.738312
254,2025-09-16,890937010,CASA FERRETERA S.A.S,EMJ33143,38824.00,7376.00,46200.00,2025-09-16 CASA FERRETERA SAS.xml,2026-01-10 12:23:02.751944
255,2025-09-16,900219834,F2X S.A.S.,DEFL56526664,12900.00,0.00,12900.00,2025-09-16 F2X SAS.xml,2026-01-10 12:23:02.765182
256,2025-09-16,901739073,INVERSIONES RAMEJ S.A.S,EPOS177448,13947.90,1852.10,15800.00,2025-09-16 INVERSIONES RAMEJ SAS.xml,2026-01-10 12:23:02.77851
257,2025-09-16,900319753,PRICESMART COLOMBIA S.A.S.,FECO7332645,326472.00,45128.00,371600.00,2025-09-16 PRICESMART COLOMBIA SAS.xml,2026-01-10 12:23:02.792198
258,2025-09-17,900276962,D1 S A S,G5R383986,61823.67,4966.34,66790.01,2025-09-17 D1 S A S.xml,2026-01-10 12:23:02.805296
259,2025-09-22,901739073,INVERSIONES RAMEJ S.A.S,EPOS179407,24000.00,0.00,24000.00,2025-09-22 INVERSIONES RAMEJ SAS.xml,2026-01-10 12:23:02.818565
260,2025-09-23,900219834,F2X S.A.S.,DEFL57797192,12900.00,0.00,12900.00,2025-09-23 F2X SAS.xml,2026-01-10 12:23:02.832597
261,2025-09-23,901648619,PIEDRAS Y PROYECTOS PB S.A.S,FV1946,64000.00,0.00,64000.00,2025-09-23 PIEDRAS Y PROYECTOS PB SAS.xml,2026-01-10 12:23:02.847649
262,2025-09-23,900319753,PRICESMART COLOMBIA S.A.S.,FECO7478187,122941.00,23359.00,146300.00,2025-09-23 PRICESMART COLOMBIA SAS.xml,2026-01-10 12:23:02.86057
263,2025-09-24,890904478,COOPERATIVA COLANTA,145P2220,9916.00,1884.00,11800.00,2025-09-24 COOPERATIVA COLANTA.xml,2026-01-10 12:23:02.873699
264,2025-09-24,901411011,SUMICAMPO S.A.S,SUMI3685,59804.37,6631.83,66436.20,2025-09-24 SUMICAMPO SAS.xml,2026-01-10 12:23:02.888644
265,2025-10-01,890904478,COOPERATIVA COLANTA,145E89878,45966.00,8734.00,54700.00,2025-10-01 COOPERATIVA COLANTA.xml,2026-01-10 12:23:02.903181
266,2025-10-01,900219834,F2X S.A.S.,DEFL59252302,12900.00,0.00,12900.00,2025-10-01 F2X SAS.xml,2026-01-10 12:23:02.916278
267,2025-10-01,900319753,PRICESMART COLOMBIA S.A.S.,FECO7650785,150381.00,7519.00,157900.00,2025-10-01 PRICESMART COLOMBIA SAS.xml,2026-01-10 12:23:02.929628
268,2025-10-03,901739073,INVERSIONES RAMEJ S.A.S,EPOS183509,176900.00,0.00,176900.00,2025-10-03 INVERSIONES RAMEJ SAS.xml,2026-01-10 12:23:02.943775
269,2025-10-05,900276962,D1 S A S,G5R386603,52386.56,9953.45,62340.01,2025-10-05 D1 S A S.xml,2026-01-10 12:23:02.957235
270,2025-10-06,900219834,F2X S.A.S.,FLYP8519475,3361.34,638.66,4000.00,2025-10-06 F2X SAS.xml,2026-01-10 12:23:02.970533
271,2025-10-07,900219834,F2X S.A.S.,DEFL60378616,12900.00,0.00,12900.00,2025-10-07 F2X SAS.xml,2026-01-10 12:23:02.984224
272,2025-10-07,900319753,PRICESMART COLOMBIA S.A.S.,FECO7789795,346719.00,11081.00,357800.00,2025-10-07 PRICESMART COLOMBIA SAS.xml,2026-01-10 12:23:02.998032
273,2025-10-09,900036188,PLANTAS DEL TAMBO S.A.S.,FE37265,561330.00,0.00,561330.00,2025-10-09 PLANTAS DEL TAMBO SAS.xml,2026-01-10 12:23:03.011655
274,2025-10-14,900219834,F2X S.A.S.,FFLY7793422,3781.51,718.49,4500.00,2025-10-14 F2X SAS.xml,2026-01-10 12:23:03.025165
275,2025-10-14,900360542,Plataforma  Digital S.A.S.,C26093,445378.15,84621.85,530000.00,2025-10-14 Plataforma  Digital SAS.xml,2026-01-10 12:23:03.038281
276,2025-10-17,900219834,F2X S.A.S.,DEFL62334584,12900.00,0.00,12900.00,2025-10-17 F2X SAS.xml,2026-01-10 12:23:03.051551
277,2025-10-17,900319753,PRICESMART COLOMBIA S.A.S.,FECO7995043,161040.00,13061.00,174101.00,2025-10-17 PRICESMART COLOMBIA SAS.xml,2026-01-10 12:23:03.06601
278,2025-10-18,901739073,INVERSIONES RAMEJ S.A.S,EPOS189096,58800.00,0.00,58800.00,2025-10-18 INVERSIONES RAMEJ SAS.xml,2026-01-10 12:23:03.079454
279,2025-10-22,900276962,D1 S A S,G5R472382,58477.67,4752.33,63230.00,2025-10-22 D1 S A S.xml,2026-01-10 12:23:03.092624
280,2025-10-31,800153993,COMUNICACION CELULAR S A  COMCEL S A,PB22985583,10000.00,0.00,10000.00,2025-10-31 COMUNICACION CELULAR S A  COMCEL S A.xml,2026-01-10 12:23:03.105037
281,2025-11-02,901321683,VELOCITY FULLCOMMERCE S.A.S,FEMC442588,262350.00,0.00,262350.00,2025-11-02 VELOCITY FULLCOMMERCE SAS.xml,2026-01-10 12:23:03.118442
282,2025-11-03,890904478,COOPERATIVA COLANTA,145E94059,440626.00,675.00,441371.00,2025-11-03 COOPERATIVA COLANTA.xml,2026-01-10 12:23:03.132206
283,2025-11-04,900219834,F2X S.A.S.,FLYP8731253,3739.51,710.49,4450.00,2025-11-04 F2X SAS.xml,2026-01-10 12:23:03.145096
284,2025-11-05,900036188,PLANTAS DEL TAMBO S.A.S.,FE37769,188400.00,0.00,188400.00,2025-11-05 PLANTAS DEL TAMBO SAS.xml,2026-01-10 12:23:03.157877
285,2025-11-10,860026182,ALLIANZ SEGUROS S A,MED163929,0.00,0.00,0.00,2025-11-10 ALLIANZ SEGUROS S A.xml,2026-01-10 12:23:03.170097
286,2025-11-11,901739073,INVERSIONES RAMEJ S.A.S,EPOS197459,142400.00,0.00,142400.00,2025-11-11 INVERSIONES RAMEJ SAS.xml,2026-01-10 12:23:03.184022
287,2025-11-13,890904478,COOPERATIVA COLANTA,145E95238,134173.00,2147.00,146150.00,2025-11-13 COOPERATIVA COLANTA.xml,2026-01-10 12:23:03.198046
288,2025-11-17,901739073,INVERSIONES RAMEJ S.A.S,EPOS199646,30600.00,0.00,30600.00,2025-11-17 INVERSIONES RAMEJ SAS.xml,2026-01-10 12:23:03.211196
289,2025-11-26,900276962,D1 S A S,G5R476932,44663.10,5276.89,49939.99,2025-11-26 D1 S A S.xml,2026-01-10 12:23:03.223783
290,2025-11-27,901739073,INVERSIONES RAMEJ S.A.S,EPOS203225,146700.00,0.00,146700.00,2025-11-27 INVERSIONES RAMEJ SAS.xml,2026-01-10 12:23:03.237081
291,2025-11-29,900276962,D1 S A S,G5R477442,122649.72,11374.27,149249.99,2025-11-29 D1 S A S.xml,2026-01-10 12:23:03.250969
292,2025-12-06,900276962,D1 S A S,G5R478487,203801.76,11816.24,245150.00,2025-12-06 D1 S A S.xml,2026-01-10 12:23:03.265706
293,2025-12-08,900219834,F2X S.A.S.,DEFL72315450,12900.00,0.00,12900.00,2025-12-08 F2X SAS.xml,2026-01-10 12:23:03.278781
294,2025-12-09,900219834,F2X S.A.S.,DEFL72399928,12900.00,0.00,12900.00,2025-12-09 F2X SAS.xml,2026-01-10 12:23:03.291101
295,2025-12-11,901739073,INVERSIONES RAMEJ S.A.S,EPOS208867,153700.00,0.00,153700.00,2025-12-11 INVERSIONES RAMEJ SAS.xml,2026-01-10 12:23:03.30432
296,2025-12-12,901739073,INVERSIONES RAMEJ S.A.S,EPOS209147,70700.00,0.00,70700.00,2025-12-12 INVERSIONES RAMEJ SAS.xml,2026-01-10 12:23:03.318381
297,2025-12-13,900276962,D1 S A S,G5R479986,112428.35,6701.65,119130.00,2025-12-13 D1 S A S.xml,2026-01-10 12:23:03.33683
298,2025-12-15,900036188,PLANTAS DEL TAMBO S.A.S.,FE38519,239600.00,0.00,239600.00,2025-12-15 PLANTAS DEL TAMBO SAS.xml,2026-01-10 12:23:03.350657
299,2025-12-16,901010131,CIUDAD RENOVABLE S.A.S.,FEV546,38060963.28,1939036.72,40000000.00,2025-12-16 CIUDAD RENOVABLE SAS.xml,2026-01-10 12:23:03.364472
300,2025-12-16,900219834,F2X S.A.S.,DEFL74041029,25000.00,0.00,25000.00,2025-12-16 F2X SAS.xml,2026-01-10 12:23:03.378425
301,2025-12-20,900276962,D1 S A S,G6R497518,63129.58,6830.42,69960.00,2025-12-20 D1 S A S.xml,2026-01-10 12:23:03.392059
302,2025-12-21,900276962,D1 S A S,G5R395944,101368.07,3641.93,105010.00,2025-12-21 D1 S A S.xml,2026-01-10 12:23:03.40584
303,2025-12-22,890916269,ESPUMAS PLASTICAS S.A.S,FEE495767,324118.00,61582.00,385700.00,2025-12-22 ESPUMAS PLASTICAS SAS.xml,2026-01-10 12:23:03.419982
304,2025-12-24,860026182,ALLIANZ SEGUROS S A,MED741275,2195163.00,417081.00,2612244.00,2025-12-24 ALLIANZ SEGUROS S A.xml,2026-01-10 12:23:03.433231
305,2025-12-24,900219834,F2X S.A.S.,DEFL75713891,12900.00,0.00,12900.00,2025-12-24 F2X SAS.xml,2026-01-10 12:23:03.446498
306,2025-12-26,900276962,D1 S A S,G5R482071,34289.24,1350.76,35640.00,2025-12-26 D1 S A S.xml,2026-01-10 12:23:03.459426
307,2025-12-26,900219834,F2X S.A.S.,DEFL76126192,12900.00,0.00,12900.00,2025-12-26 F2X SAS.xml,2026-01-10 12:23:03.472484
308,2025-12-26,900319753,PRICESMART COLOMBIA S.A.S.,COFE230851,539892.00,36971.00,576864.00,2025-12-26 PRICESMART COLOMBIA SAS.xml,2026-01-10 12:23:03.487627
